{
    "loss": 2.78016996383667,
    "accuracy": 0.46078431606292725
}