{
    "loss": 36.14540100097656,
    "accuracy": 0.4313725531101227
}