{
    "loss": 1.742686152458191,
    "accuracy": 0.8235294222831726
}