{
    "loss": 10.195711135864258,
    "accuracy": 0.4313725531101227
}