{
    "loss": 0.3820767402648926,
    "accuracy": 0.8039215803146362
}