{
    "loss": 47.860958099365234,
    "accuracy": 0.5686274766921997
}