{
    "loss": 2.3847970962524414,
    "accuracy": 0.843137264251709
}